{"cameraMode":{"drawMode":0,"name":"Shaded","section":"Shading Mode"},"sceneLighting":true,"audioPlay":false,"sceneViewState":{"showFog":true,"showMaterialUpdate":false,"showSkybox":true,"showFlares":true,"showImageEffects":true,"showParticleSystems":true},"in2DMode":false,"pivot":{"x":21.401342391967775,"y":1.099541425704956,"z":-2.789989471435547},"rotation":{"x":-0.20620867609977723,"y":-0.190302774310112,"z":0.04092138260602951,"w":-0.9589541554450989},"size":13.644325256347657,"orthographic":false}