{"cameraMode":{"drawMode":0,"name":"Shaded","section":"Shading Mode"},"sceneLighting":true,"audioPlay":false,"sceneViewState":{"showFog":true,"showMaterialUpdate":false,"showSkybox":true,"showFlares":true,"showImageEffects":true,"showParticleSystems":true},"in2DMode":false,"pivot":{"x":4.421067714691162,"y":-2.584524393081665,"z":0.10735416412353516},"rotation":{"x":-0.10690127313137055,"y":-0.3770941197872162,"z":0.04386628419160843,"w":-0.9189443588256836},"size":16.40654945373535,"orthographic":false}