{"cameraMode":{"drawMode":0,"name":"Shaded","section":"Shading Mode"},"sceneLighting":true,"audioPlay":false,"sceneViewState":{"showFog":true,"showMaterialUpdate":false,"showSkybox":true,"showFlares":true,"showImageEffects":true,"showParticleSystems":true},"in2DMode":false,"pivot":{"x":100.67071533203125,"y":-21.895671844482423,"z":9.049369812011719},"rotation":{"x":-0.25668153166770937,"y":0.039708442986011508,"z":-0.010550577193498612,"w":-0.9656317830085754},"size":118.75011444091797,"orthographic":false}