{"cameraMode":{"drawMode":0,"name":"Shaded","section":"Shading Mode"},"sceneLighting":true,"audioPlay":false,"sceneViewState":{"showFog":true,"showMaterialUpdate":false,"showSkybox":true,"showFlares":true,"showImageEffects":true,"showParticleSystems":true},"in2DMode":false,"pivot":{"x":20.47647476196289,"y":1.777909755706787,"z":0.15213394165039063},"rotation":{"x":0.0116778165102005,"y":-0.04588346928358078,"z":-0.0005359608330763876,"w":-0.9988810420036316},"size":21.525848388671876,"orthographic":false}